title,price_gbp,price_inr,rating,in_stock,category
A Light in the Attic,,,3,True,All products
Tipping the Velvet,,,1,True,All products
Soumission,,,1,True,All products
Sharp Objects,,,4,True,All products
Sapiens: A Brief History of Humankind,,,5,True,All products
The Requiem Red,,,1,True,All products
The Dirty Little Secrets of Getting Your Dream Job,,,4,True,All products
"The Coming Woman: A Novel Based on the Life of the Infamous Feminist, Victoria Woodhull",,,3,True,All products
The Boys in the Boat: Nine Americans and Their Epic Quest for Gold at the 1936 Berlin Olympics,,,4,True,All products
The Black Maria,,,1,True,All products
"Starving Hearts (Triangular Trade Trilogy, #1)",,,2,True,All products
Shakespeare's Sonnets,,,4,True,All products
Set Me Free,,,5,True,All products
Scott Pilgrim's Precious Little Life (Scott Pilgrim #1),,,5,True,All products
Rip it Up and Start Again,,,5,True,All products
"Our Band Could Be Your Life: Scenes from the American Indie Underground, 1981-1991",,,3,True,All products
Olio,,,1,True,All products
Mesaerion: The Best Science Fiction Stories 1800-1849,,,1,True,All products
Libertarianism for Beginners,,,2,True,All products
It's Only the Himalayas,,,2,True,All products
In Her Wake,,,1,True,All products
How Music Works,,,2,True,All products
"Foolproof Preserving: A Guide to Small Batch Jams, Jellies, Pickles, Condiments, and More: A Foolproof Guide to Making Small Batch Jams, Jellies, Pickles, Condiments, and More",,,3,True,All products
Chase Me (Paris Nights #2),,,5,True,All products
Black Dust,,,5,True,All products
Birdsong: A Story in Pictures,,,3,True,All products
America's Cradle of Quarterbacks: Western Pennsylvania's Football Factory from Johnny Unitas to Joe Montana,,,3,True,All products
Aladdin and His Wonderful Lamp,,,3,True,All products
Worlds Elsewhere: Journeys Around Shakespeareâs Globe,,,5,True,All products
Wall and Piece,,,4,True,All products
The Four Agreements: A Practical Guide to Personal Freedom,,,5,True,All products
The Five Love Languages: How to Express Heartfelt Commitment to Your Mate,,,3,True,All products
The Elephant Tree,,,5,True,All products
The Bear and the Piano,,,1,True,All products
Sophie's World,,,5,True,All products
Penny Maybe,,,3,True,All products
Maude (1883-1993):She Grew Up with the country,,,2,True,All products
"In a Dark, Dark Wood",,,1,True,All products
Behind Closed Doors,,,4,True,All products
You can't bury them all: Poems,,,2,True,All products
Slow States of Collapse: Poems,,,3,True,All products
Reasons to Stay Alive,,,2,True,All products
Private Paris (Private #10),,,5,True,All products
#HigherSelfie: Wake Up Your Life. Free Your Soul. Find Your Tribe.,,,5,True,All products
Without Borders (Wanderlove #1),,,2,True,All products
When We Collided,,,1,True,All products
"We Love You, Charlie Freeman",,,5,True,All products
Untitled Collection: Sabbath Poems 2014,,,4,True,All products
"Unseen City: The Majesty of Pigeons, the Discreet Charm of Snails & Other Wonders of the Urban Wilderness",,,4,True,All products
Unicorn Tracks,,,3,True,All products
"Unbound: How Eight Technologies Made Us Human, Transformed Society, and Brought Our World to the Brink",,,1,True,All products
Tsubasa: WoRLD CHRoNiCLE 2 (Tsubasa WoRLD CHRoNiCLE #2),,,1,True,All products
Throwing Rocks at the Google Bus: How Growth Became the Enemy of Prosperity,,,3,True,All products
This One Summer,,,4,True,All products
Thirst,,,5,True,All products
The Torch Is Passed: A Harding Family Story,,,1,True,All products
The Secret of Dreadwillow Carse,,,1,True,All products
"The Pioneer Woman Cooks: Dinnertime: Comfort Classics, Freezer Food, 16-Minute Meals, and Other Delicious Ways to Solve Supper!",,,1,True,All products
The Past Never Ends,,,4,True,All products
The Natural History of Us (The Fine Art of Pretending #2),,,3,True,All products
The Nameless City (The Nameless City #1),,,4,True,All products
The Murder That Never Was (Forensic Instincts #5),,,3,True,All products
The Most Perfect Thing: Inside (and Outside) a Bird's Egg,,,4,True,All products
"The Mindfulness and Acceptance Workbook for Anxiety: A Guide to Breaking Free from Anxiety, Phobias, and Worry Using Acceptance and Commitment Therapy",,,4,True,All products
The Life-Changing Magic of Tidying Up: The Japanese Art of Decluttering and Organizing,,,3,True,All products
"The Inefficiency Assassin: Time Management Tactics for Working Smarter, Not Longer",,,5,True,All products
The Gutsy Girl: Escapades for Your Life of Epic Adventure,,,1,True,All products
The Electric Pencil: Drawings from Inside State Hospital No. 3,,,1,True,All products
The Death of Humanity: and the Case for Life,,,4,True,All products
"The Bulletproof Diet: Lose up to a Pound a Day, Reclaim Energy and Focus, Upgrade Your Life",,,3,True,All products
The Art Forger,,,3,True,All products
The Age of Genius: The Seventeenth Century and the Birth of the Modern Mind,,,1,True,All products
The Activist's Tao Te Ching: Ancient Advice for a Modern Revolution,,,5,True,All products
Spark Joy: An Illustrated Master Class on the Art of Organizing and Tidying Up,,,4,True,All products
Soul Reader,,,2,True,All products
Security,,,2,True,All products
"Saga, Volume 6 (Saga (Collected Editions) #6)",,,3,True,All products
"Saga, Volume 5 (Saga (Collected Editions) #5)",,,2,True,All products
Reskilling America: Learning to Labor in the Twenty-First Century,,,2,True,All products
"Rat Queens, Vol. 3: Demons (Rat Queens (Collected Editions) #11-15)",,,3,True,All products
"Princess Jellyfish 2-in-1 Omnibus, Vol. 01 (Princess Jellyfish 2-in-1 Omnibus #1)",,,5,True,All products
Princess Between Worlds (Wide-Awake Princess #5),,,5,True,All products
"Pop Gun War, Volume 1: Gift",,,1,True,All products
"Political Suicide: Missteps, Peccadilloes, Bad Calls, Backroom Hijinx, Sordid Pasts, Rotten Breaks, and Just Plain Dumb Mistakes in the Annals of American Politics",,,2,True,All products
Patience,,,3,True,All products
"Outcast, Vol. 1: A Darkness Surrounds Him (Outcast #1)",,,4,True,All products
orange: The Complete Collection 1 (orange: The Complete Collection #1),,,1,True,All products
Online Marketing for Busy Authors: A Step-By-Step Guide,,,1,True,All products
On a Midnight Clear,,,3,True,All products
Obsidian (Lux #1),,,2,True,All products
My Paris Kitchen: Recipes and Stories,,,2,True,All products
Masks and Shadows,,,2,True,All products
"Mama Tried: Traditional Italian Cooking for the Screwed, Crude, Vegan, and Tattooed",,,4,True,All products
"Lumberjanes, Vol. 2: Friendship to the Max (Lumberjanes #5-8)",,,2,True,All products
"Lumberjanes, Vol. 1: Beware the Kitten Holy (Lumberjanes #1-4)",,,3,True,All products
Lumberjanes Vol. 3: A Terrible Plan (Lumberjanes #9-12),,,2,True,All products
"Layered: Baking, Building, and Styling Spectacular Cakes",,,1,True,All products
Judo: Seven Steps to Black Belt (an Introductory Guide for Beginners),,,2,True,All products
Join,,,5,True,All products
In the Country We Love: My Family Divided,,,4,True,All products
